INSERT INTO Public."Location" (address_id, city, state, country) VALUES
		(1,'Haverfordwest','Pembrokeshire','Wales'),
		(2,'London','Greater London','England'),
		(3,'Los Angeles','California','United States'),
		(4,'Sydney','New South Wales','Australia'),
		(5,'Ruislip','Middlesex','England'),
		(6,'Oakland','California','United States'),
		(7,'Santa Ana','California','United States'),
		(8,'New York City','New York','United States'),
		(9,'Anderson','South Carolina','United States'),
		(10,'Washington','District of Columbia','United States'),
		(11,'Needham','Massachusetts','United States'),
		(12,'Rockville Centre','New York','United States'),
		(13,'New Rochelle','New York','United States'),
		(14,'Wellington','Wellington','New Zealand'),
		(15,'Harrison','New York','United States'),
		(16,'Boston','Massachusetts','United States'),
		(17,'Oak Park','Illinois','United States'),
		(18,'Austin','Texas','United States'),
		(19,'Haifa','Haifa','Palestine'),
		(20,'Tokyo','Kanto','Japan'),
		(21,'Nagoya','Aichi','Japan'),
		(22,'Guadalajara','Jalisco','Mexico'),
		(23,'Aldershot','Hampshire','England'),
		(24,'Denver','Colarado','United States'),
		(25,'Kathmandu','Province No. 3','Nepal'),
		(26,'Johannesburg','Gauteng','South Africa'),
		(27,'Chicago','Illinois','United States'),
		(28,'Atlanta','Georgia','United States'),
		(29,'Philadelphia','Pennsylvania', 'United States'),
		(30,'Liverpool','North West England','England'),
		(31,'New Orleans','Louisiana','United States'),
		(32,'Vancouver','British Columbia','Canada'),
		(33,'Whitby','Ontario','Canada'),
		(34,'Ajax','Ontario','Canada'),
		(35,'Pickering','Ontario','Canada'),
		(36,'Oshawa','Ontario','Canada'),
		(37,'Markham','Ontario','Canada'),
		(38,'Richmond Hill','Ontario','Canada'),
		(39,'London','Ontario','Canada'),
		(40,'Toronto','Ontario','Canada'),
		(41,'Scarborough','Ontario','Canada');

INSERT INTO Public."Person" (country_code_national_id, address_id, first_name, last_name, date_of_birth, eye_colour) VALUES
		('GB-1',1,'Christian','Bale','1974-01-30','Dark Brown'),
		('GB-2',2,'Christopher','Nolan','1970-07-31','Blue'),
		('US-1',3,'Leonardo','DiCaprio','1974-11-11','Blue'),
		('US-2',3,'Joseph','Gordon-Levitt','1981-02-17', 'Brown'),
		('AU-1',4,'Hugh','Jackman','1986-10-12','Light Brown'),
		('GB-3',2,'Edward','Hardy','1977-09-15','Blue Green'),
		('GB-4',5,'Andrew','Serkis','1964-04-20','Blue'),
		('GB-5',2,'Rizwan','Ahmed','1982-12-01','Dark Brown'),
		('US-3',6,'Ryan','Coogler','1986-05-23','Dark Brown'),
		('US-4',7,'Michael','Jordan','1987-02-09','Dark Brown'),
		('US-5',8,'Michael','Stallone','1946-07-06','Brown'),
		('US-6',9,'Chadwick','Boseman','1977-11-29','Dark Brown'),
		('US-7',10,'Ruben','Fleischer','1974-10-31','Blue Green'),
		('US-8',11,'Scott','Rosenberg','1963-04-24','Brown'),
		('US-9',12,'Matt','Reeves','1966-04-27','Green'),
		('US-10',13,'Mark','Bomback','1971-09-29',NULL),
		('GB-6',2,'Gary','Oldman','1958-03-21','Blue'),
		('NZ-1',14,'Peter','Jackson','1961-10-31','Green'),
		('US-11',15,'Peter','Chernin','1951-05-29','Dark Brown'),
		('US-12',16,'Kevin','Feige','1973-06-02','Blue'),
		('US-13',3,'Amy','Pascal','1958-03-25',NULL),
		('US-14',17,'John','Avildsen','1935-12-21',NULL),
		('US-15',8,'Irwin','Winkler','1931-05-25',NULL),
		('US-16',18,'Steve','Kloves','1960-03-18',NULL),
		('PS-1',19,'Avinoam','Lerner','1947-10-13',NULL),
		('JP-1',20,'Hayao','Miyazaki','1941-01-05','Dark Brown'),
		('JP-2',21,'Toshio','Suzuki','1948-08-19','Dark Brown'),
		('MX-1',22,'Guillermo','Gomez','1964-10-09','Blue'),
		('GB-7',23,'Martin','Freeman','1971-09-08','Blue'),
		('US-17',24,'Scott','Derrickson','1966-07-16','Dark Brown'),
		('GB-8',2,'Maurice','Micklewhite','1933-03-14','Blue'),
		('GB-9',2,'Benedict','Cumberbatch','1976-07-19','Green Blue');

INSERT INTO Public."Actor" (actor_id, country_code_national_id, address_id, performing_name) VALUES
		(1,'GB-1',1,'Christian Bale'),
		(2,'US-1',3,'Leonardo DiCaprio'),
		(3,'US-2',3,'Joseph Gordon-Levitt'),
		(4,'AU-1',4,'Hugh Jackman'),
		(5,'GB-3',2,'Tom Hardy'),
		(6,'GB-4',5,'Andy Serkis'),
		(7,'GB-5',2,'Riz Ahmed'),
		(8,'US-4',7,'Michael B. Jordan'),
		(9,'US-5',8,'Sylvester Stallone'),
		(10,'US-6',9,'Chadwick Boseman'),
		(11,'GB-6',2,'Gary Oldman'),
		(12,'GB-7',23,'Martin Freeman'),
		(13,'GB-8',2,'Michael Caine'),
		(14,'GB-9',2,'Benedict Cumberbatch');

INSERT INTO Public."Director" (director_id,country_code_national_id, address_id, number_of_films_directed) VALUES
		(1,'GB-2',2,14),
		(2,'GB-4',5,3),
		(3,'US-3',6,9),
		(4,'US-5',8,9),
		(5,'US-7',10,28),
		(6,'US-9',12,13),
		(7,'NZ-1',14,21),
		(8,'US-14',17,29),
		(9,'JP-1',20,29),
		(10,'MX-1',22,21),
		(11,'US-17',24,9);

INSERT INTO Public."Producer" (producer_id,country_code_national_id, address_id, number_of_films_produced) VALUES
		(1,'GB-2',2,15),
		(2,'US-3',6,5),
		(3,'US-5',8,16),
		(4,'NZ-1',14,25),
		(5,'US-11',15,43),
		(6,'US-12',16,61),
		(7,'US-13',3,13),
		(8,'US-15',8,61),
		(9,'US-16',18,3),
		(10,'PS-1',19,303),
		(11,'JP-2',21,32);

INSERT INTO Public."Writer" (writer_id,country_code_national_id, address_id,number_of_films_written) VALUES
		(1,'GB-2',2,17),
		(2,'GB-4',5,2),
		(3,'US-3',6,7),
		(4,'US-5',8,31),
		(5,'US-8',11,20),
		(6,'US-10',13,18),
		(7,'NZ-1',14,18),
		(8,'JP-1',20,40),
		(9,'MX-1',22,30),
		(10,'US-17',24,12);

INSERT INTO Public."Genre and Rating" (film_category_id,film_genre,age_rating) VALUES
		(1,'Comedy','All Ages'),
		(2,'Comedy','PG'),
		(3,'Comedy','PG-13'),
		(4,'Comedy','R'),
		(5,'Action','All Ages'),
		(6,'Action','PG'),
		(7,'Action','PG-13'),
		(8,'Action','R'),
		(9,'Drama','All Ages'),
		(10,'Drama','PG'),
		(11,'Drama','PG-13'),
		(12,'Drama','R'),
		(13,'Superhero','All Ages'),
		(14,'Superhero','PG'),
		(15,'Superhero','PG-13'),
		(16,'Superhero','R'),
		(17,'Science Fiction','All Ages'),
		(18,'Science Fiction','PG'),
		(19,'Science Fiction','PG-13'),
		(20,'Science Fiction','R'),
		(21,'Thriller','All Ages'),
		(22,'Thriller','PG'),
		(23,'Thriller','PG-13'),
		(24,'Thriller','R'),
		(25,'Horror','All Ages'),
		(26,'Horror','PG'),
		(27,'Horror','PG-13'),
		(28,'Horror','R'),
		(29,'Fantasy','All Ages'),
		(30,'Fantasy','PG'),
		(31,'Fantasy','PG-13'),
		(32,'Fantasy','R');

INSERT INTO Public."Movie" (movie_id,movie_title,release_date,rating,budget,gross) VALUES
		(1,'The Lord of the Rings: The Return of the King','2003-12-17',8.9,94000000,1120000000),
		(2,'The Hobbit: The Desolation of Smaug','2013-12-13',7.8,217000000,958400000),
		(3,'Mowgli','2019-12-31',0.0,140000000,NULL),
		(4,'Venom','2018-10-05',7.0,116000000,508200000),
		(5,'The Prestige','2006-10-20',8.5,40000000,109700000),
		(6,'Inception','2010-07-16',8.8,160000000,828300000),
		(7,'The Dark Knight','2008-07-18',9.0,185000000,1005000000),
		(8,'Howl''s Moving Castle','2004-11-20',8.2,24000000,235100000),
		(9,'Black Panther','2018-02-16',7.4,210000000,1347000000),
		(10,'Creed','2015-11-25',7.6,40000000,173600000),
		(11,'Rocky','1976-12-03',8.1,1000000,225000000),
		(12,'The Expendables','2010-08-13',6.5,80000000,274500000),
		(13,'Dawn of the Planet of the Apes','2014-07-11',7.6,235000000,710600000),
		(14,'Doctor Strange','2016-11-04',7.5,236600000,677700000);

INSERT INTO Public."Directors of Movies" (movie_id,director_id,country_code_national_id,address_id) VALUES
		(5,1,'GB-2',2),
		(6,1,'GB-2',2),
		(7,1,'GB-2',2),
		(3,2,'GB-4',5),
		(2,2,'GB-4',5),
		(10,3,'US-3',6),
		(9,3,'US-3',6),
		(12,4,'US-5',8),
		(4,5,'US-7',10),
		(13,6,'US-9',12),
		(1,7,'NZ-1',14),
		(2,7,'NZ-1',14),
		(11,8,'US-14',17),
		(8,9,'JP-1',20),
		(14,11,'US-17',24);

INSERT INTO Public."Actors in Movies" (actor_id,country_code_national_id,address_id,movie_id) VALUES
		(1,'GB-1',1,3),
		(1,'GB-1',1,5),
		(1,'GB-1',1,7),
		(1,'GB-1',1,8),
		(2,'US-1',3,6),
		(3,'US-2',3,6),
		(4,'AU-1',4,5),
		(5,'GB-3',2,4),
		(5,'GB-3',2,6),
		(6,'GB-4',5,1),
		(6,'GB-4',5,3),
		(6,'GB-4',5,5),
		(6,'GB-4',5,9),
		(6,'GB-4',5,13),
		(7,'GB-5',2,4),
		(8,'US-4',7,9),
		(8,'US-4',7,10),
		(9,'US-5',8,10),
		(9,'US-5',8,11),
		(9,'US-5',8,12),
		(10,'US-6',9,9),
		(11,'GB-6',2,7),
		(11,'GB-6',2,13),
		(12,'GB-7',23,2),
		(12,'GB-7',23,9),
		(13,'GB-8',2,5),
		(13,'GB-8',2,6),
		(13,'GB-8',2,7),
		(14,'GB-9',2,2),
		(14,'GB-9',2,3),
		(14,'GB-9',2,14);

INSERT INTO Public."Producers of Movies" (producer_id,country_code_national_id,address_id,movie_id) VALUES
		(1,'GB-2',2,5),
		(1,'GB-2',2,6),
		(1,'GB-2',2,7),
		(2,'US-3',6,10),
		(3,'US-5',8,10),
		(4,'NZ-1',14,1),
		(4,'NZ-1',14,2),
		(5,'US-11',15,13),
		(6,'US-12',16,9),
		(6,'US-12',16,14),
		(7,'US-13',3,4),
		(8,'US-15',8,10),
		(8,'US-15',8,11),
		(9,'US-16',18,3),
		(10,'PS-1',19,12),
		(11,'JP-2',21,8);

INSERT INTO Public."Writers of Movies" (writer_id,country_code_national_id,address_id,movie_id) VALUES
		(1,'GB-2',2,5),
		(1,'GB-2',2,6),
		(1,'GB-2',2,7),
		(2,'GB-4',5,3),
		(3,'US-3',6,9),
		(3,'US-3',6,10),
		(4,'US-5',8,10),
		(4,'US-5',8,11),
		(4,'US-5',8,12),
		(5,'US-8',11,4),
		(6,'US-10',13,13),
		(7,'NZ-1',14,1),
		(7,'NZ-1',14,2),
		(8,'JP-1',20,8),
		(9,'MX-1',22,2),
		(10,'US-17',24,14);

INSERT INTO public."Categorization of Movies"(movie_id,film_category_id) VALUES
		(1,31),
		(2,30),
		(3,10),
		(4,15),
		(5,10),
		(6,10),
		(7,15),
		(8,29),
		(9,15),
		(10,11),
		(11,11),
		(12,8),
		(13,19),
		(14,15);

INSERT INTO public."Locations of Movies"(movie_id,address_id) VALUES
		(1,14),
		(2,14),
		(3,26),
		(4,8),
		(5,2),
		(5,3),
		(5,24),
		(6,3),
		(7,27),
		(8,20),
		(9,28),
		(10,29),
		(10,30),
		(11,29),
		(11,3),
		(12,31),
		(13,31),
		(13,32),
		(14,8),
		(14,25);

INSERT INTO public."Quotes"(movie_id,quote_id,quote_description) VALUES
		(1,1,'Aragorn: ''My friends. You bow to no one.'''),
		(2,2,'Smaug: ''I kill where I wish, when I wish. My armour is iron. No blade can pierce me!
					My teeth are swords! My claws are spears! My wings are a hurricane!'''),
		(3,3,'Kaa: ''You are something the jungle has never seen before.'''),
		(4,4,'Venom: ''Eyes. Lungs. Pancreas. So many snacks, so little time.'''),
		(5,5,'Cutter: ''...Because making something disappear isn''t enough; you have to bring it back.
					That''s why every magic trick has a third act, the hardest part, the part we
					call ''The Prestige''.'''),
		(6,6,'Eames: ''You musn''t be afraid to dream a little bigger, darling.'''),
		(7,7,'Gordon: ''He''s the hero Gotham deserves, but not the one it needs right now.'''),
		(8,8,'Howl: ''A heart is a heavy burden.'''),
		(9,9,'T''Chaka: ''You''re a good man with a good heart. And it''s hard for a good man to be king.'''),
		(10,10,'Rocky: ''Time takes everybody out; time''s undefeated.'''),
		(11,11,'Mickey: ''You''re gonna eat lightnin'' and you''re gonna crap thunder!'''),
		(12,12,'Barney: ''We are the shadows and the smoke, we rise. We are the ghosts that hide in the night.'''),
		(13,13,'Caesar: ''From humans... Koba learned hatred.'''),
		(14,14,'Strange: ''I''m fluent in Google Translate.''');

INSERT INTO public."Award"(award_id, movie_id, award_organization, award_name, award_recpient, year_received) VALUES
		(1,1,'Academy of Motion Picture Arts and Sciences','Best Picture','Peter Jackson',2004),
		(2,1,'Academy of Motion Picture Arts and Sciences','Best Director','Peter Jackson',2004),
		(3,1,'Academy of Motion Picture Arts and Sciences','Best Original Score','Howard Shore',2004),
		(4,1,'Academy of Motion Picture Arts and Sciences','Best Visual Effects','Jim Rygiel',2004),
		(5,1,'Academy of Motion Picture Arts and Sciences','Best Film Editing','Jamie Selkirk',2004),
		(6,6,'Writers Guild of America','Best Original Screenplay','Christopher Nolan',2010),
		(7,7,'Academy of Motion Picture Arts and Sciences','Best Supporting Actor','Heath Ledger',2008),
		(8,8,'New York Film Critics Circle Awards','Best Animated Film','Hayao Miyazaki',2005),
		(9,11,'Academy of Motion Picture Arts and Sciences','Best Picture','Irwin Winkler',1977),
		(10,11,'Academy of Motion Picture Arts and Sciences','Best Director','John G. Avildsen',1977),
		(11,13,'Empire','Best Actor','Andy Serkis',2015);

INSERT INTO public."Theatre"(theatre_id,address_id,size,name,phone_number) VALUES
		 	(1,33,24,'Landmark Cinemas 24 Whitby','905-665-8942'),
 			(2,34,10,'Cineplex Odeon Ajax Cinemas','905-426-7772'),
			(3,35,7,'Cineplex Cinemas Pickering & VIP','289-341-0630'),
			(4,36,8,'Cineplex Odeon Oshawa Cinemas','905-432-3486'),
			(5,37,11,'Cineplex Cinemas Markham and VIP','905-479-1778'),
			(6,38,18,'SilverCity Richmond Hill Cinemas','905-709-8755'),
			(7,39,15,'SilverCity London Cinemas','519-673-4125'),
			(8,40,23,'Cineplex Cinemas Yonge-Dundas and VIP','416-977-9262'),
			(9,32,16,'Cineplex Odeon International Village Cinemas','604-806-0799'),
			(10,41,11,'Cineplex Cinemas Scarborough','416-290-5217');

INSERT INTO public."Showtime"(showtime_id,movie_id,theatre_id,theatre_room,type_of_showtime,time_of_show) VALUES
		 	(1,1,1,1,'IMAX','19:30:00'),
 			(2,1,1,2,'Regular','19:00:00'),
			(3,10,1,3,'Regular 3D','18:45:00'),
			(4,8,1,4,'Regular 3D','19:00:00'),
			(5,8,1,5,'Regular','20:00:00'),
			(6,2,5,1,'IMAX 3D','22:00:00'),
			(7,6,5,2,'Regular','20:30:00'),
			(8,10,5,2,'Regular','22:00:00'),
			(9,13,5,4,'Regular 3D','20:00:00'),
			(10,1,9,1,'IMAX 3D','21:00:00');

INSERT INTO public."Ticket"(ticket_id,showtime_id,movie_id,theatre_id,price,seat_location) VALUES
			  (1,1,1,1,14.00,'K2'),
			  (2,2,1,1,12.00,'J5'),
				(3,3,10,1,13.00,'M5'),
				(4,4,8,1,13.00,'L3'),
				(5,5,8,1,12.00,'N15'),
				(6,6,2,5,15.00,'J12'),
				(7,7,6,5,12.00,'B1'),
				(8,8,10,5,12.00,'K17'),
				(9,9,13,5,12.00,'H11'),
				(10,10,1,9,16.00,'J5');
